{
    "temperature": 100.0,
    "viscosity": 43.02325581395349,
    "size": 23.25581395348837,
    "mass": 100.0,
    "frequency": 0
}