{
    "temperature": 58.139534883720934,
    "viscosity": 26.744186046511626,
    "size": 53.48837209302325,
    "mass": 16.27906976744186,
    "frequency": 22.093023255813954
}