{
    "temperature": 58.139534883720934,
    "viscosity": 52.32558139534884,
    "size": 11.627906976744185,
    "mass": 5.813953488372093,
    "frequency": 48.837209302325576
}