{
    "temperature": 55.199543212815705,
    "viscosity": 0.0006094614443529071,
    "size": 3.1622776601683797e-07,
    "mass": 2.626363527653331e-19,
    "frequency": 8
}