{
    "temperature": 43.02325581395349,
    "viscosity": 30.23255813953488,
    "size": 26.744186046511626,
    "mass": 34.883720930232556,
    "frequency": 22.093023255813954
}