{
    "temperature": 43.02325581395349,
    "viscosity": 43.02325581395349,
    "size": 12.0,
    "mass": 6.0,
    "frequency": 53.48837209302325
}