{
    "temperature": 79.06976744186046,
    "viscosity": 45.348837209302324,
    "size": 100.0,
    "mass": 100.0,
    "frequency": 63.95348837209303
}