{
    "temperature": 44.18604651162791,
    "viscosity": 61.627906976744185,
    "size": 16.27906976744186,
    "mass": 83.72093023255815,
    "frequency": 34.883720930232556
}