{
    "temperature": 1745.562823533862,
    "viscosity": 0.001,
    "size": 3.1622776601683797e-07,
    "mass": 1e-18,
    "frequency": 35
}