{
    "temperature": 52.32558139534884,
    "viscosity": 6.976744186046512,
    "size": 80.23255813953489,
    "mass": 44.18604651162791,
    "frequency": 60.46511627906976
}