{
    "temperature": 51.162790697674424,
    "viscosity": 36.04651162790697,
    "size": 15.11627906976744,
    "mass": 3.0,
    "frequency": 46.51162790697674
}